,Tweets
0, clinical used machine learning   explore de  electronic health record   data National COVID Cohort Collaborative  NC  National Health  funded national clinical 
1,Please ensure Congress   emergency food insecurity war   global COVID   response  These crises  wait  We need action 
2,The City School District notified  new confirmed COVID   affecting   Learn 
3, Mail  Sniffer DOGS better spotting Covid actual  study  New  University study  show spot  per cent  per cent accurate 
4,All  know  high percentage    year know saw drink way COVID 
5,Is anyone else alarmed fact COVID increasing daily  invite entire public especially come vote super spread happening  Without 
6,Join Health May    workshop exploring nation  Public Health Emergency   preparedness enterprise  lens COVID       Register 
7,Now You Can Calculate Your COVID Death  Say news health
8,Got sick  No COVID thankfully damn  stuck bed 
9,Another round free COVID   antigen available
10,This ECONOMIC RECOVERY like Trump create ECONOMIC RECOVERY PLAN cleaning Trump  mess If concerned   make Trump respond COVID crisis instead incompetent inaction 
11, Look EVERY SINGLE COVID case  hospitalization  death    see  HUGE initial   nd Delta  How  explain THE  early     STUPID 
12,Regardless covid  supplement protecting liver alcohol use  sleep  body  ability produce collagen worth looking 
13,Hurricane covid relief always sent directly  The state never help County democratic leadership 
14, sympathize everyone adverse event  life  drug available  My issue way go happen make COVID   exaggerating  forgetting people like 
15,That awful  clinically vulnerable pretty much still shielding keeping son school  Clinically vulnerable facing possible imprisonment keeping school  Covid still huge risk especially clinically vulnerable people
16, went BIG game summer Covid  It fun going alone enjoying
17, Use Machine Learning Help Identify Long COVID 
18, Direct impact COVID   last well           San   Japan   New  Power New York San 
19,The   wave nd wave pandemic  peak killing almost    people  day  The issue  deadly  It   getting amount news coverage people   COVID 
20,Covid dangerous  hot war zone  BIG hero 
21,Do know people running long COVID 
22,New All Must Follow Due COVID health news
23,My   felt bad  It took time energy back  little around house  Also  better  make sure get post  covid checkup  make sure everything  Love   feel better soon 
24,By everyone smash immune covid next major
25, COVID Home  see
26,Nick Resonant Asset Management us three international right  Then watching investor week  Covid china
27,  New  How improve  need stability  investment public  Really  instability prior COVID people fought back class sizes  mand learning  Last  said lower class sizes  mand learning  address 
28,New variant incoming  Why much late   like know  time COVID end
29,Top story  COVID Home  see
30,Everyone get another round free Covid  This time get  per household  time fill 
31,Ah yes  murder variant covid 
32,In early   dealing lot Bush fire smoke   wearing    type   found made improvement  wearing COVID  They   GOOD
33,Imagine  long COVID medical establishment ANY attention Myalgic Encephalomyelitis point last  something  There would probably effective treatment  But  millions added 
34,Data clear covid   age goes  You say  enough save  time  also people  Less better 
35,Serious question       trying reconcile time  Is relatively low  green map       county report COVID  half  idea  got  community transmission 
36,These  statistics  They  human  Sure  maybe want get life  Covid death toll still real climbing  The TRAUMA real  You pretend away  yeah  effects remain faced sooner later   
37,via Tell    new KNOW happening day     know  percentage us  still wear  In article  see people getting COVID    
38,As  came  Covid death commonly found  along population   sixth  grader  grasp mathematics get  Here information WHO  new   
39,The health sector  well certain health received covid mandate vaccine roll  Nil effect living  Nil regional  celebrity medical   sizeable portion put 
40,Another way put lost far people per world whole Covid  If official  rather WHO  lost rate    times higher global population   
41,In  partner one first community transmission   He pretty sick since recovery  living long COVID    almost worse acute illness    
42,It  worth WHO  million people  Covid  much higher official    million tally  If  indicative whole pandemic  Covid roughly   people   
43,It absolutely exploded due Covid isolation  quarantine  My girl vet tech  talk time  So amount dramatically  amount support  medical staff give need going 
44,The US fought        Roughly  every  result  It trauma country still  From   today    US lost least  million people Covid  roughly     people   
45,China  Xi It All Zero  COVID Policy
46,Does work Covid
47,better fare need travel flexibility COVID world  That 
48,The FAKE TEST FAKE COVID PANDEMIC  Prime Minister forced isolation partner positive COVID  
49,What  endless greed  Why  protect   profit Covid  Do really expect us trust  felony knowingly people  We deserve liability   consent 
50,These days   go  The real winner Battle going Covid 
51,Is irony lost day millionth person due Covid today 
52, go one today everyone tested positive Covid fortunately   They mild even though senior  work   tested   negative 
53, like try avoid logic  People obesity number one killer world wide actually health  It made Covid  percent worse could  Yet stick head sand  Sensitivity reality
54,Comprehension intelligence cognitive structure  everyone  sentient  Fear block perception  Ever wonder people   GET IT  The past   covid era good example 
55,   wish  another chance starting   without Covid threat   Maybe parallel universe    want go hellish master        give   big 
56,Incompetence  apathy  malice  One million COVID  
57, covid  everyone 
58,Because locked people  beat get stay inside  really pointing model Covid 
59,sick taking credit handling Covid  He  live alongside virus  start  It carried weight 
60,covid 
61,Huge stage win giro  He going prove  covid giro  podium fluke
62,This type test overdue  future Is It Covid Flu  New At  Home Test Multiple
63,We need bring back boy  They missing since COVID hit
64,post covid return covid stranger  
65,Do  know anyone  caught Covid asthma  If  let know dealt  specifically Covid cough   get Some days better days  like today   literally  breathe 
66,Impressive important adaptive platform trial COVID Brazil efficiently effectively 
67,Exactly come start eating outside  would decrease COVID 
68, ago first event Of new flu  influenza   It came covid  never  We  wonder get us  curse 
69, summary Capitalist Magazine Current inflation   Due      Losing     Million day oil production   The supply chain trump    The  poor response COVID
70,Covid   thankful  still taste food
71,Does former senior advisor covid policy  article people real world  happen know large majority support mask two ago 
72,We  seen person three  nothing  even Covid touch us  friendship
73,  High  COVID    mask recommendation    TV via
74,Turns May  next show   currently COVID voice shot  Getting better  back soon  
75,Raising interest slows economic growth  raising interest covid would mean depression  Austerity covid would meant depression Zero covid would What would done differently 
76,currently eve huge  force stop  demise certainty go history  Its frenzied  zero covid  control  dying struggle forever 
77,The federal government offering another round free COVID COVID Disability
78,Here  one previous Covid   efficacy   fall anything scholarly  Sad 
79,These CANNOT  Wear  stay home sick  get tested   COVID   via
80, disagree almost everything  must come close losing possible terrible covid   know  going lose   vote make  vote closer losing  Maybe  get back 
81,Oh  talk  covid management twitter 
82,Bailey fiscal covid  handed money  furlough
83,You hand  raising crime violence streets sure kept us indoors safe Covid 
84,Lots people acting like pandemic  hey  order free   home COVID   test  Here  order  
85, COVID death toll would worse  million without office
86,The authorized first test Covid    influenza  another step toward increasing patient access Covid  
87,And  since call  covid  way par  Probably squad galaxy inadequate 
88, Worked hrs today  The shift   worked since th  post AND Covid   never saw coming  slowly   getting back  
89,Obesity massive problem  Do normalize     people die every year heart disease  Most covid  weight related  Healthy attractive  Jordan right 
90,When big blue democrat soft crime  refusing prosecute violent repeat  especially  release early public safety  covid  unless  insurrectionist   tell  dog 
91,Is good  mental health  My highly anxious  catch covid school  Not fear mongering     want  This rational fear  based experience  So  tell 
92,So  one   left class  The rest sick covid  My    sick covid  Both report sick away class  without  How sustainable 
93,The Administration kill call  COVID  Up     per person  natural proven work   ventilating death 
94,    target set    age group Covid Target boost
95,Ford run office Premier   save us   Liberal  Because  majority entirety COVID  NOT   Um  
96,Favorite photo   breath taking view climbing mount Prefecture  Japan  Felt like since   last seen view due Covid  japan
97, said   anti  effects  even covid  get media  go way make look like anti 
98,candidate governor Chamber debate COVID   via
99,get covid test til
